run_name,label,status,timesteps_total,training_iteration,train_episode_reward_mean,train_episode_len_mean,vs_ceia_win_rate,vs_ceia_reward_mean,vs_ceia_wins,vs_ceia_losses,vs_ceia_draws,eval_episodes,train_base_port,eval_base_port,trial_dir,progress_csv,checkpoint_path,eval_json_path,error_file,ceia_win_rate,eval_agent_module,eval_baseline_module,eval_episode_len_mean,eval_episode_reward_max,eval_episode_reward_mean,eval_episode_reward_min,reward_shaping.ball_proximity.distance_scale,reward_shaping.ball_proximity.enabled,reward_shaping.ball_proximity.weight,reward_shaping.ball_velocity_to_goal.enabled,reward_shaping.ball_velocity_to_goal.goal_x,reward_shaping.ball_velocity_to_goal.goal_y,reward_shaping.ball_velocity_to_goal.speed_scale,reward_shaping.ball_velocity_to_goal.weight,reward_shaping.defensive_positioning.enabled,reward_shaping.defensive_positioning.goal_x,reward_shaping.defensive_positioning.goal_y,reward_shaping.defensive_positioning.lateral_scale,reward_shaping.defensive_positioning.weight,reward_shaping.goal_distance.distance_scale,reward_shaping.goal_distance.enabled,reward_shaping.goal_distance.goal_x,reward_shaping.goal_distance.goal_y,reward_shaping.goal_distance.weight,reward_shaping.goal_event.enabled,reward_shaping.goal_event.scale,reward_shaping.goal_event.threshold,reward_shaping.goal_velocity.enabled,reward_shaping.goal_velocity.goal_x,reward_shaping.goal_velocity.goal_y,reward_shaping.goal_velocity.speed_scale,reward_shaping.goal_velocity.weight,reward_shaping.possession_balance.control_radius,reward_shaping.possession_balance.enabled,reward_shaping.possession_balance.pass_bonus,reward_shaping.possession_balance.weight,reward_shaping.teammate_spacing.enabled,reward_shaping.teammate_spacing.target_distance,reward_shaping.teammate_spacing.tolerance,reward_shaping.teammate_spacing.weight
001_grid_0001,grid_0001,TERMINATED,1006992,126,49.96679687640075,816.71,0.05,-1.8023000001907348,1,19,0,20,50455,52471,/home/ngovin5/Documents/soccer-twos-starter/ray_results_reward_sweep_full_20260424_011300/PPO_reward_weight_sweep/001_grid_0001,/home/ngovin5/Documents/soccer-twos-starter/ray_results_reward_sweep_full_20260424_011300/PPO_reward_weight_sweep/001_grid_0001/progress.csv,/home/ngovin5/Documents/soccer-twos-starter/ray_results_reward_sweep_full_20260424_011300/PPO_reward_weight_sweep/001_grid_0001/checkpoint_000126/checkpoint-126,/home/ngovin5/Documents/soccer-twos-starter/ray_results_reward_sweep_full_20260424_011300/evaluations/001_grid_0001_vs_ceia_baseline.json,,0.95,compare_checkpoint_agent,ceia_baseline_agent,46.35,-0.026399970054626465,-0.09229999780654907,-0.3059999942779541,20.0,False,0.005,True,16.0,0.0,10.0,0.0,True,16.0,0.0,8.0,0.01,32.0,True,16.0,0.0,0.01,True,1.0,0.5,True,16.0,0.0,10.0,0.01,1.75,True,0.02,0.01,True,6.0,4.0,0.01
004_grid_0004,grid_0004,TERMINATED,1006992,126,51.3790277376873,801.34,0.15,-1.4264800012111665,3,17,0,20,50551,52567,/home/ngovin5/Documents/soccer-twos-starter/ray_results_reward_sweep_full_20260424_011300/PPO_reward_weight_sweep/004_grid_0004,/home/ngovin5/Documents/soccer-twos-starter/ray_results_reward_sweep_full_20260424_011300/PPO_reward_weight_sweep/004_grid_0004/progress.csv,/home/ngovin5/Documents/soccer-twos-starter/ray_results_reward_sweep_full_20260424_011300/PPO_reward_weight_sweep/004_grid_0004/checkpoint_000126/checkpoint-126,/home/ngovin5/Documents/soccer-twos-starter/ray_results_reward_sweep_full_20260424_011300/evaluations/004_grid_0004_vs_ceia_baseline.json,,0.85,compare_checkpoint_agent,ceia_baseline_agent,45.7,-0.02240002155303955,-0.091020005941391,-0.4315999746322632,20.0,False,0.005,True,16.0,0.0,10.0,0.01,True,16.0,0.0,8.0,0.01,32.0,True,16.0,0.0,0.01,True,1.0,0.5,True,16.0,0.0,10.0,0.01,1.75,True,0.02,0.01,True,6.0,4.0,0.01
005_grid_0005,grid_0005,TERMINATED,1006992,126,188.4996950573467,954.62,0.1,-1.6134999990463257,2,18,0,20,50583,52599,/home/ngovin5/Documents/soccer-twos-starter/ray_results_reward_sweep_full_20260424_011300/PPO_reward_weight_sweep/005_grid_0005,/home/ngovin5/Documents/soccer-twos-starter/ray_results_reward_sweep_full_20260424_011300/PPO_reward_weight_sweep/005_grid_0005/progress.csv,/home/ngovin5/Documents/soccer-twos-starter/ray_results_reward_sweep_full_20260424_011300/PPO_reward_weight_sweep/005_grid_0005/checkpoint_000126/checkpoint-126,/home/ngovin5/Documents/soccer-twos-starter/ray_results_reward_sweep_full_20260424_011300/evaluations/005_grid_0005_vs_ceia_baseline.json,,0.9,compare_checkpoint_agent,ceia_baseline_agent,82.9,-0.03279995918273926,-0.16523998975753784,-0.9515999555587769,20.0,False,0.005,True,16.0,0.0,10.0,0.01,True,16.0,0.0,8.0,0.05,32.0,True,16.0,0.0,0.01,True,1.0,0.5,True,16.0,0.0,10.0,0.01,1.75,True,0.02,0.01,True,6.0,4.0,0.01
006_grid_0006,grid_0006,TERMINATED,1006992,126,38.20409504975155,608.23,0.05,-1.8035199999809266,1,19,0,20,50615,52631,/home/ngovin5/Documents/soccer-twos-starter/ray_results_reward_sweep_full_20260424_011300/PPO_reward_weight_sweep/006_grid_0006,/home/ngovin5/Documents/soccer-twos-starter/ray_results_reward_sweep_full_20260424_011300/PPO_reward_weight_sweep/006_grid_0006/progress.csv,/home/ngovin5/Documents/soccer-twos-starter/ray_results_reward_sweep_full_20260424_011300/PPO_reward_weight_sweep/006_grid_0006/checkpoint_000126/checkpoint-126,/home/ngovin5/Documents/soccer-twos-starter/ray_results_reward_sweep_full_20260424_011300/evaluations/006_grid_0006_vs_ceia_baseline.json,,0.95,compare_checkpoint_agent,ceia_baseline_agent,115.35,-0.03279995918273926,-0.23023998737335205,-1.073199987411499,20.0,False,0.005,True,16.0,0.0,10.0,0.1,True,16.0,0.0,8.0,0.0,32.0,True,16.0,0.0,0.01,True,1.0,0.5,True,16.0,0.0,10.0,0.01,1.75,True,0.02,0.01,True,6.0,4.0,0.01
007_grid_0007,grid_0007,ERROR,,,,,,,,,,,50679,52663,/home/ngovin5/Documents/soccer-twos-starter/ray_results_reward_sweep_full_20260424_011300/PPO_reward_weight_sweep/007_grid_0007,/home/ngovin5/Documents/soccer-twos-starter/ray_results_reward_sweep_full_20260424_011300/PPO_reward_weight_sweep/007_grid_0007/progress.csv,,,/home/ngovin5/Documents/soccer-twos-starter/ray_results_reward_sweep_full_20260424_011300/PPO_reward_weight_sweep/007_grid_0007/error.txt,,,,,,,,20.0,False,0.005,True,16.0,0.0,10.0,0.1,True,16.0,0.0,8.0,0.01,32.0,True,16.0,0.0,0.01,True,1.0,0.5,True,16.0,0.0,10.0,0.01,1.75,True,0.02,0.01,True,6.0,4.0,0.01
008_grid_0008,grid_0008,TERMINATED,1006992,126,148.61207663401004,798.0,0.0,-2.0,0,20,0,20,50711,52695,/home/ngovin5/Documents/soccer-twos-starter/ray_results_reward_sweep_full_20260424_011300/PPO_reward_weight_sweep/008_grid_0008,/home/ngovin5/Documents/soccer-twos-starter/ray_results_reward_sweep_full_20260424_011300/PPO_reward_weight_sweep/008_grid_0008/progress.csv,/home/ngovin5/Documents/soccer-twos-starter/ray_results_reward_sweep_full_20260424_011300/PPO_reward_weight_sweep/008_grid_0008/checkpoint_000126/checkpoint-126,/home/ngovin5/Documents/soccer-twos-starter/ray_results_reward_sweep_full_20260424_011300/evaluations/008_grid_0008_vs_ceia_baseline.json,,1.0,compare_checkpoint_agent,ceia_baseline_agent,43.0,-0.020400047302246094,-0.08579999804496766,-0.20079994201660156,20.0,False,0.005,True,16.0,0.0,10.0,0.1,True,16.0,0.0,8.0,0.05,32.0,True,16.0,0.0,0.01,True,1.0,0.5,True,16.0,0.0,10.0,0.01,1.75,True,0.02,0.01,True,6.0,4.0,0.01
009_grid_0009,grid_0009,TERMINATED,1006992,126,4.783677434367228,94.85,0.45,-0.28868000507354735,9,11,0,20,50743,52727,/home/ngovin5/Documents/soccer-twos-starter/ray_results_reward_sweep_full_20260424_011300/PPO_reward_weight_sweep/009_grid_0009,/home/ngovin5/Documents/soccer-twos-starter/ray_results_reward_sweep_full_20260424_011300/PPO_reward_weight_sweep/009_grid_0009/progress.csv,/home/ngovin5/Documents/soccer-twos-starter/ray_results_reward_sweep_full_20260424_011300/PPO_reward_weight_sweep/009_grid_0009/checkpoint_000126/checkpoint-126,/home/ngovin5/Documents/soccer-twos-starter/ray_results_reward_sweep_full_20260424_011300/evaluations/009_grid_0009_vs_ceia_baseline.json,,0.55,compare_checkpoint_agent,ceia_baseline_agent,74.85,-0.02479994297027588,-0.14934000372886658,-0.4259999990463257,20.0,False,0.005,True,16.0,0.0,10.0,1,True,16.0,0.0,8.0,0.0,32.0,True,16.0,0.0,0.01,True,1.0,0.5,True,16.0,0.0,10.0,0.01,1.75,True,0.02,0.01,True,6.0,4.0,0.01
010_grid_0010,grid_0010,TERMINATED,1006992,126,14.466280187237343,185.6,0.3,-0.8380000054836273,6,14,0,20,50775,52759,/home/ngovin5/Documents/soccer-twos-starter/ray_results_reward_sweep_full_20260424_011300/PPO_reward_weight_sweep/010_grid_0010,/home/ngovin5/Documents/soccer-twos-starter/ray_results_reward_sweep_full_20260424_011300/PPO_reward_weight_sweep/010_grid_0010/progress.csv,/home/ngovin5/Documents/soccer-twos-starter/ray_results_reward_sweep_full_20260424_011300/PPO_reward_weight_sweep/010_grid_0010/checkpoint_000126/checkpoint-126,/home/ngovin5/Documents/soccer-twos-starter/ray_results_reward_sweep_full_20260424_011300/evaluations/010_grid_0010_vs_ceia_baseline.json,,0.7,compare_checkpoint_agent,ceia_baseline_agent,87.15,-0.017600059509277344,-0.17392000555992126,-0.5027999877929688,20.0,False,0.005,True,16.0,0.0,10.0,1,True,16.0,0.0,8.0,0.01,32.0,True,16.0,0.0,0.01,True,1.0,0.5,True,16.0,0.0,10.0,0.01,1.75,True,0.02,0.01,True,6.0,4.0,0.01
011_grid_0011,grid_0011,TERMINATED,1006992,126,17.79118606051737,117.62,0.45,-0.2798799991607666,9,11,0,20,50807,52791,/home/ngovin5/Documents/soccer-twos-starter/ray_results_reward_sweep_full_20260424_011300/PPO_reward_weight_sweep/011_grid_0011,/home/ngovin5/Documents/soccer-twos-starter/ray_results_reward_sweep_full_20260424_011300/PPO_reward_weight_sweep/011_grid_0011/progress.csv,/home/ngovin5/Documents/soccer-twos-starter/ray_results_reward_sweep_full_20260424_011300/PPO_reward_weight_sweep/011_grid_0011/checkpoint_000126/checkpoint-126,/home/ngovin5/Documents/soccer-twos-starter/ray_results_reward_sweep_full_20260424_011300/evaluations/011_grid_0011_vs_ceia_baseline.json,,0.55,compare_checkpoint_agent,ceia_baseline_agent,82.05,-0.016000032424926758,-0.16386000514030458,-0.3808000087738037,20.0,False,0.005,True,16.0,0.0,10.0,1,True,16.0,0.0,8.0,0.05,32.0,True,16.0,0.0,0.01,True,1.0,0.5,True,16.0,0.0,10.0,0.01,1.75,True,0.02,0.01,True,6.0,4.0,0.01
012_grid_0012,grid_0012,ERROR,,,,,,,,,,,50839,52823,/home/ngovin5/Documents/soccer-twos-starter/ray_results_reward_sweep_full_20260424_011300/PPO_reward_weight_sweep/012_grid_0012,/home/ngovin5/Documents/soccer-twos-starter/ray_results_reward_sweep_full_20260424_011300/PPO_reward_weight_sweep/012_grid_0012/progress.csv,,,/home/ngovin5/Documents/soccer-twos-starter/ray_results_reward_sweep_full_20260424_011300/PPO_reward_weight_sweep/012_grid_0012/error.txt,,,,,,,,20.0,False,0.005,True,16.0,0.0,10.0,5,True,16.0,0.0,8.0,0.0,32.0,True,16.0,0.0,0.01,True,1.0,0.5,True,16.0,0.0,10.0,0.01,1.75,True,0.02,0.01,True,6.0,4.0,0.01
013_grid_0013,grid_0013,ERROR,,,,,,,,,,,50871,52855,/home/ngovin5/Documents/soccer-twos-starter/ray_results_reward_sweep_full_20260424_011300/PPO_reward_weight_sweep/013_grid_0013,/home/ngovin5/Documents/soccer-twos-starter/ray_results_reward_sweep_full_20260424_011300/PPO_reward_weight_sweep/013_grid_0013/progress.csv,,,/home/ngovin5/Documents/soccer-twos-starter/ray_results_reward_sweep_full_20260424_011300/PPO_reward_weight_sweep/013_grid_0013/error.txt,,,,,,,,20.0,False,0.005,True,16.0,0.0,10.0,5,True,16.0,0.0,8.0,0.01,32.0,True,16.0,0.0,0.01,True,1.0,0.5,True,16.0,0.0,10.0,0.01,1.75,True,0.02,0.01,True,6.0,4.0,0.01
014_grid_0014,grid_0014,ERROR,,,,,,,,,,,50903,52887,/home/ngovin5/Documents/soccer-twos-starter/ray_results_reward_sweep_full_20260424_011300/PPO_reward_weight_sweep/014_grid_0014,/home/ngovin5/Documents/soccer-twos-starter/ray_results_reward_sweep_full_20260424_011300/PPO_reward_weight_sweep/014_grid_0014/progress.csv,,,/home/ngovin5/Documents/soccer-twos-starter/ray_results_reward_sweep_full_20260424_011300/PPO_reward_weight_sweep/014_grid_0014/error.txt,,,,,,,,20.0,False,0.005,True,16.0,0.0,10.0,5,True,16.0,0.0,8.0,0.05,32.0,True,16.0,0.0,0.01,True,1.0,0.5,True,16.0,0.0,10.0,0.01,1.75,True,0.02,0.01,True,6.0,4.0,0.01
015_grid_0015,grid_0015,ERROR,,,,,,,,,,,50935,52919,/home/ngovin5/Documents/soccer-twos-starter/ray_results_reward_sweep_full_20260424_011300/PPO_reward_weight_sweep/015_grid_0015,/home/ngovin5/Documents/soccer-twos-starter/ray_results_reward_sweep_full_20260424_011300/PPO_reward_weight_sweep/015_grid_0015/progress.csv,,,/home/ngovin5/Documents/soccer-twos-starter/ray_results_reward_sweep_full_20260424_011300/PPO_reward_weight_sweep/015_grid_0015/error.txt,,,,,,,,20.0,False,0.005,True,16.0,0.0,10.0,0.0,True,16.0,0.0,8.0,0.0,32.0,True,16.0,0.0,0.01,True,3.0,0.5,True,16.0,0.0,10.0,0.01,1.75,True,0.02,0.01,True,6.0,4.0,0.01
016_grid_0016,grid_0016,ERROR,,,,,,,,,,,50967,52951,/home/ngovin5/Documents/soccer-twos-starter/ray_results_reward_sweep_full_20260424_011300/PPO_reward_weight_sweep/016_grid_0016,/home/ngovin5/Documents/soccer-twos-starter/ray_results_reward_sweep_full_20260424_011300/PPO_reward_weight_sweep/016_grid_0016/progress.csv,,,/home/ngovin5/Documents/soccer-twos-starter/ray_results_reward_sweep_full_20260424_011300/PPO_reward_weight_sweep/016_grid_0016/error.txt,,,,,,,,20.0,False,0.005,True,16.0,0.0,10.0,0.0,True,16.0,0.0,8.0,0.01,32.0,True,16.0,0.0,0.01,True,3.0,0.5,True,16.0,0.0,10.0,0.01,1.75,True,0.02,0.01,True,6.0,4.0,0.01
017_grid_0017,grid_0017,ERROR,,,,,,,,,,,50999,52983,/home/ngovin5/Documents/soccer-twos-starter/ray_results_reward_sweep_full_20260424_011300/PPO_reward_weight_sweep/017_grid_0017,/home/ngovin5/Documents/soccer-twos-starter/ray_results_reward_sweep_full_20260424_011300/PPO_reward_weight_sweep/017_grid_0017/progress.csv,,,/home/ngovin5/Documents/soccer-twos-starter/ray_results_reward_sweep_full_20260424_011300/PPO_reward_weight_sweep/017_grid_0017/error.txt,,,,,,,,20.0,False,0.005,True,16.0,0.0,10.0,0.0,True,16.0,0.0,8.0,0.05,32.0,True,16.0,0.0,0.01,True,3.0,0.5,True,16.0,0.0,10.0,0.01,1.75,True,0.02,0.01,True,6.0,4.0,0.01
018_grid_0018,grid_0018,ERROR,,,,,,,,,,,51031,53015,/home/ngovin5/Documents/soccer-twos-starter/ray_results_reward_sweep_full_20260424_011300/PPO_reward_weight_sweep/018_grid_0018,/home/ngovin5/Documents/soccer-twos-starter/ray_results_reward_sweep_full_20260424_011300/PPO_reward_weight_sweep/018_grid_0018/progress.csv,,,/home/ngovin5/Documents/soccer-twos-starter/ray_results_reward_sweep_full_20260424_011300/PPO_reward_weight_sweep/018_grid_0018/error.txt,,,,,,,,20.0,False,0.005,True,16.0,0.0,10.0,0.01,True,16.0,0.0,8.0,0.0,32.0,True,16.0,0.0,0.01,True,3.0,0.5,True,16.0,0.0,10.0,0.01,1.75,True,0.02,0.01,True,6.0,4.0,0.01
019_grid_0019,grid_0019,ERROR,,,,,,,,,,,51063,53047,/home/ngovin5/Documents/soccer-twos-starter/ray_results_reward_sweep_full_20260424_011300/PPO_reward_weight_sweep/019_grid_0019,/home/ngovin5/Documents/soccer-twos-starter/ray_results_reward_sweep_full_20260424_011300/PPO_reward_weight_sweep/019_grid_0019/progress.csv,,,/home/ngovin5/Documents/soccer-twos-starter/ray_results_reward_sweep_full_20260424_011300/PPO_reward_weight_sweep/019_grid_0019/error.txt,,,,,,,,20.0,False,0.005,True,16.0,0.0,10.0,0.01,True,16.0,0.0,8.0,0.01,32.0,True,16.0,0.0,0.01,True,3.0,0.5,True,16.0,0.0,10.0,0.01,1.75,True,0.02,0.01,True,6.0,4.0,0.01
020_grid_0020,grid_0020,ERROR,,,,,,,,,,,51095,53079,/home/ngovin5/Documents/soccer-twos-starter/ray_results_reward_sweep_full_20260424_011300/PPO_reward_weight_sweep/020_grid_0020,/home/ngovin5/Documents/soccer-twos-starter/ray_results_reward_sweep_full_20260424_011300/PPO_reward_weight_sweep/020_grid_0020/progress.csv,,,/home/ngovin5/Documents/soccer-twos-starter/ray_results_reward_sweep_full_20260424_011300/PPO_reward_weight_sweep/020_grid_0020/error.txt,,,,,,,,20.0,False,0.005,True,16.0,0.0,10.0,0.01,True,16.0,0.0,8.0,0.05,32.0,True,16.0,0.0,0.01,True,3.0,0.5,True,16.0,0.0,10.0,0.01,1.75,True,0.02,0.01,True,6.0,4.0,0.01
021_grid_0021,grid_0021,ERROR,,,,,,,,,,,51127,53111,/home/ngovin5/Documents/soccer-twos-starter/ray_results_reward_sweep_full_20260424_011300/PPO_reward_weight_sweep/021_grid_0021,/home/ngovin5/Documents/soccer-twos-starter/ray_results_reward_sweep_full_20260424_011300/PPO_reward_weight_sweep/021_grid_0021/progress.csv,,,/home/ngovin5/Documents/soccer-twos-starter/ray_results_reward_sweep_full_20260424_011300/PPO_reward_weight_sweep/021_grid_0021/error.txt,,,,,,,,20.0,False,0.005,True,16.0,0.0,10.0,0.1,True,16.0,0.0,8.0,0.0,32.0,True,16.0,0.0,0.01,True,3.0,0.5,True,16.0,0.0,10.0,0.01,1.75,True,0.02,0.01,True,6.0,4.0,0.01
022_grid_0022,grid_0022,ERROR,,,,,,,,,,,51159,53143,/home/ngovin5/Documents/soccer-twos-starter/ray_results_reward_sweep_full_20260424_011300/PPO_reward_weight_sweep/022_grid_0022,/home/ngovin5/Documents/soccer-twos-starter/ray_results_reward_sweep_full_20260424_011300/PPO_reward_weight_sweep/022_grid_0022/progress.csv,,,/home/ngovin5/Documents/soccer-twos-starter/ray_results_reward_sweep_full_20260424_011300/PPO_reward_weight_sweep/022_grid_0022/error.txt,,,,,,,,20.0,False,0.005,True,16.0,0.0,10.0,0.1,True,16.0,0.0,8.0,0.01,32.0,True,16.0,0.0,0.01,True,3.0,0.5,True,16.0,0.0,10.0,0.01,1.75,True,0.02,0.01,True,6.0,4.0,0.01
023_grid_0023,grid_0023,ERROR,,,,,,,,,,,51191,53175,/home/ngovin5/Documents/soccer-twos-starter/ray_results_reward_sweep_full_20260424_011300/PPO_reward_weight_sweep/023_grid_0023,/home/ngovin5/Documents/soccer-twos-starter/ray_results_reward_sweep_full_20260424_011300/PPO_reward_weight_sweep/023_grid_0023/progress.csv,,,/home/ngovin5/Documents/soccer-twos-starter/ray_results_reward_sweep_full_20260424_011300/PPO_reward_weight_sweep/023_grid_0023/error.txt,,,,,,,,20.0,False,0.005,True,16.0,0.0,10.0,0.1,True,16.0,0.0,8.0,0.05,32.0,True,16.0,0.0,0.01,True,3.0,0.5,True,16.0,0.0,10.0,0.01,1.75,True,0.02,0.01,True,6.0,4.0,0.01
024_grid_0024,grid_0024,ERROR,,,,,,,,,,,51223,53207,/home/ngovin5/Documents/soccer-twos-starter/ray_results_reward_sweep_full_20260424_011300/PPO_reward_weight_sweep/024_grid_0024,/home/ngovin5/Documents/soccer-twos-starter/ray_results_reward_sweep_full_20260424_011300/PPO_reward_weight_sweep/024_grid_0024/progress.csv,,,/home/ngovin5/Documents/soccer-twos-starter/ray_results_reward_sweep_full_20260424_011300/PPO_reward_weight_sweep/024_grid_0024/error.txt,,,,,,,,20.0,False,0.005,True,16.0,0.0,10.0,1,True,16.0,0.0,8.0,0.0,32.0,True,16.0,0.0,0.01,True,3.0,0.5,True,16.0,0.0,10.0,0.01,1.75,True,0.02,0.01,True,6.0,4.0,0.01
025_grid_0025,grid_0025,ERROR,,,,,,,,,,,51255,53239,/home/ngovin5/Documents/soccer-twos-starter/ray_results_reward_sweep_full_20260424_011300/PPO_reward_weight_sweep/025_grid_0025,/home/ngovin5/Documents/soccer-twos-starter/ray_results_reward_sweep_full_20260424_011300/PPO_reward_weight_sweep/025_grid_0025/progress.csv,,,/home/ngovin5/Documents/soccer-twos-starter/ray_results_reward_sweep_full_20260424_011300/PPO_reward_weight_sweep/025_grid_0025/error.txt,,,,,,,,20.0,False,0.005,True,16.0,0.0,10.0,1,True,16.0,0.0,8.0,0.01,32.0,True,16.0,0.0,0.01,True,3.0,0.5,True,16.0,0.0,10.0,0.01,1.75,True,0.02,0.01,True,6.0,4.0,0.01
026_grid_0026,grid_0026,ERROR,,,,,,,,,,,51287,53271,/home/ngovin5/Documents/soccer-twos-starter/ray_results_reward_sweep_full_20260424_011300/PPO_reward_weight_sweep/026_grid_0026,/home/ngovin5/Documents/soccer-twos-starter/ray_results_reward_sweep_full_20260424_011300/PPO_reward_weight_sweep/026_grid_0026/progress.csv,,,/home/ngovin5/Documents/soccer-twos-starter/ray_results_reward_sweep_full_20260424_011300/PPO_reward_weight_sweep/026_grid_0026/error.txt,,,,,,,,20.0,False,0.005,True,16.0,0.0,10.0,1,True,16.0,0.0,8.0,0.05,32.0,True,16.0,0.0,0.01,True,3.0,0.5,True,16.0,0.0,10.0,0.01,1.75,True,0.02,0.01,True,6.0,4.0,0.01
027_grid_0027,grid_0027,ERROR,,,,,,,,,,,51319,53303,/home/ngovin5/Documents/soccer-twos-starter/ray_results_reward_sweep_full_20260424_011300/PPO_reward_weight_sweep/027_grid_0027,/home/ngovin5/Documents/soccer-twos-starter/ray_results_reward_sweep_full_20260424_011300/PPO_reward_weight_sweep/027_grid_0027/progress.csv,,,/home/ngovin5/Documents/soccer-twos-starter/ray_results_reward_sweep_full_20260424_011300/PPO_reward_weight_sweep/027_grid_0027/error.txt,,,,,,,,20.0,False,0.005,True,16.0,0.0,10.0,5,True,16.0,0.0,8.0,0.0,32.0,True,16.0,0.0,0.01,True,3.0,0.5,True,16.0,0.0,10.0,0.01,1.75,True,0.02,0.01,True,6.0,4.0,0.01
028_grid_0028,grid_0028,ERROR,,,,,,,,,,,51351,53335,/home/ngovin5/Documents/soccer-twos-starter/ray_results_reward_sweep_full_20260424_011300/PPO_reward_weight_sweep/028_grid_0028,/home/ngovin5/Documents/soccer-twos-starter/ray_results_reward_sweep_full_20260424_011300/PPO_reward_weight_sweep/028_grid_0028/progress.csv,,,/home/ngovin5/Documents/soccer-twos-starter/ray_results_reward_sweep_full_20260424_011300/PPO_reward_weight_sweep/028_grid_0028/error.txt,,,,,,,,20.0,False,0.005,True,16.0,0.0,10.0,5,True,16.0,0.0,8.0,0.01,32.0,True,16.0,0.0,0.01,True,3.0,0.5,True,16.0,0.0,10.0,0.01,1.75,True,0.02,0.01,True,6.0,4.0,0.01
029_grid_0029,grid_0029,ERROR,,,,,,,,,,,51383,53367,/home/ngovin5/Documents/soccer-twos-starter/ray_results_reward_sweep_full_20260424_011300/PPO_reward_weight_sweep/029_grid_0029,/home/ngovin5/Documents/soccer-twos-starter/ray_results_reward_sweep_full_20260424_011300/PPO_reward_weight_sweep/029_grid_0029/progress.csv,,,/home/ngovin5/Documents/soccer-twos-starter/ray_results_reward_sweep_full_20260424_011300/PPO_reward_weight_sweep/029_grid_0029/error.txt,,,,,,,,20.0,False,0.005,True,16.0,0.0,10.0,5,True,16.0,0.0,8.0,0.05,32.0,True,16.0,0.0,0.01,True,3.0,0.5,True,16.0,0.0,10.0,0.01,1.75,True,0.02,0.01,True,6.0,4.0,0.01
030_grid_0030,grid_0030,ERROR,,,,,,,,,,,51415,53399,/home/ngovin5/Documents/soccer-twos-starter/ray_results_reward_sweep_full_20260424_011300/PPO_reward_weight_sweep/030_grid_0030,/home/ngovin5/Documents/soccer-twos-starter/ray_results_reward_sweep_full_20260424_011300/PPO_reward_weight_sweep/030_grid_0030/progress.csv,,,/home/ngovin5/Documents/soccer-twos-starter/ray_results_reward_sweep_full_20260424_011300/PPO_reward_weight_sweep/030_grid_0030/error.txt,,,,,,,,20.0,False,0.005,True,16.0,0.0,10.0,0.0,True,16.0,0.0,8.0,0.0,32.0,True,16.0,0.0,0.01,True,5.0,0.5,True,16.0,0.0,10.0,0.01,1.75,True,0.02,0.01,True,6.0,4.0,0.01
031_grid_0031,grid_0031,ERROR,,,,,,,,,,,51447,53431,/home/ngovin5/Documents/soccer-twos-starter/ray_results_reward_sweep_full_20260424_011300/PPO_reward_weight_sweep/031_grid_0031,/home/ngovin5/Documents/soccer-twos-starter/ray_results_reward_sweep_full_20260424_011300/PPO_reward_weight_sweep/031_grid_0031/progress.csv,,,/home/ngovin5/Documents/soccer-twos-starter/ray_results_reward_sweep_full_20260424_011300/PPO_reward_weight_sweep/031_grid_0031/error.txt,,,,,,,,20.0,False,0.005,True,16.0,0.0,10.0,0.0,True,16.0,0.0,8.0,0.01,32.0,True,16.0,0.0,0.01,True,5.0,0.5,True,16.0,0.0,10.0,0.01,1.75,True,0.02,0.01,True,6.0,4.0,0.01
032_grid_0032,grid_0032,ERROR,,,,,,,,,,,51479,53463,/home/ngovin5/Documents/soccer-twos-starter/ray_results_reward_sweep_full_20260424_011300/PPO_reward_weight_sweep/032_grid_0032,/home/ngovin5/Documents/soccer-twos-starter/ray_results_reward_sweep_full_20260424_011300/PPO_reward_weight_sweep/032_grid_0032/progress.csv,,,/home/ngovin5/Documents/soccer-twos-starter/ray_results_reward_sweep_full_20260424_011300/PPO_reward_weight_sweep/032_grid_0032/error.txt,,,,,,,,20.0,False,0.005,True,16.0,0.0,10.0,0.0,True,16.0,0.0,8.0,0.05,32.0,True,16.0,0.0,0.01,True,5.0,0.5,True,16.0,0.0,10.0,0.01,1.75,True,0.02,0.01,True,6.0,4.0,0.01
033_grid_0033,grid_0033,ERROR,,,,,,,,,,,51511,53495,/home/ngovin5/Documents/soccer-twos-starter/ray_results_reward_sweep_full_20260424_011300/PPO_reward_weight_sweep/033_grid_0033,/home/ngovin5/Documents/soccer-twos-starter/ray_results_reward_sweep_full_20260424_011300/PPO_reward_weight_sweep/033_grid_0033/progress.csv,,,/home/ngovin5/Documents/soccer-twos-starter/ray_results_reward_sweep_full_20260424_011300/PPO_reward_weight_sweep/033_grid_0033/error.txt,,,,,,,,20.0,False,0.005,True,16.0,0.0,10.0,0.01,True,16.0,0.0,8.0,0.0,32.0,True,16.0,0.0,0.01,True,5.0,0.5,True,16.0,0.0,10.0,0.01,1.75,True,0.02,0.01,True,6.0,4.0,0.01
034_grid_0034,grid_0034,ERROR,,,,,,,,,,,51543,53527,/home/ngovin5/Documents/soccer-twos-starter/ray_results_reward_sweep_full_20260424_011300/PPO_reward_weight_sweep/034_grid_0034,/home/ngovin5/Documents/soccer-twos-starter/ray_results_reward_sweep_full_20260424_011300/PPO_reward_weight_sweep/034_grid_0034/progress.csv,,,/home/ngovin5/Documents/soccer-twos-starter/ray_results_reward_sweep_full_20260424_011300/PPO_reward_weight_sweep/034_grid_0034/error.txt,,,,,,,,20.0,False,0.005,True,16.0,0.0,10.0,0.01,True,16.0,0.0,8.0,0.01,32.0,True,16.0,0.0,0.01,True,5.0,0.5,True,16.0,0.0,10.0,0.01,1.75,True,0.02,0.01,True,6.0,4.0,0.01
035_grid_0035,grid_0035,ERROR,,,,,,,,,,,51575,53559,/home/ngovin5/Documents/soccer-twos-starter/ray_results_reward_sweep_full_20260424_011300/PPO_reward_weight_sweep/035_grid_0035,/home/ngovin5/Documents/soccer-twos-starter/ray_results_reward_sweep_full_20260424_011300/PPO_reward_weight_sweep/035_grid_0035/progress.csv,,,/home/ngovin5/Documents/soccer-twos-starter/ray_results_reward_sweep_full_20260424_011300/PPO_reward_weight_sweep/035_grid_0035/error.txt,,,,,,,,20.0,False,0.005,True,16.0,0.0,10.0,0.01,True,16.0,0.0,8.0,0.05,32.0,True,16.0,0.0,0.01,True,5.0,0.5,True,16.0,0.0,10.0,0.01,1.75,True,0.02,0.01,True,6.0,4.0,0.01
036_grid_0036,grid_0036,ERROR,,,,,,,,,,,51607,53591,/home/ngovin5/Documents/soccer-twos-starter/ray_results_reward_sweep_full_20260424_011300/PPO_reward_weight_sweep/036_grid_0036,/home/ngovin5/Documents/soccer-twos-starter/ray_results_reward_sweep_full_20260424_011300/PPO_reward_weight_sweep/036_grid_0036/progress.csv,,,/home/ngovin5/Documents/soccer-twos-starter/ray_results_reward_sweep_full_20260424_011300/PPO_reward_weight_sweep/036_grid_0036/error.txt,,,,,,,,20.0,False,0.005,True,16.0,0.0,10.0,0.1,True,16.0,0.0,8.0,0.0,32.0,True,16.0,0.0,0.01,True,5.0,0.5,True,16.0,0.0,10.0,0.01,1.75,True,0.02,0.01,True,6.0,4.0,0.01
037_grid_0037,grid_0037,ERROR,,,,,,,,,,,51639,53623,/home/ngovin5/Documents/soccer-twos-starter/ray_results_reward_sweep_full_20260424_011300/PPO_reward_weight_sweep/037_grid_0037,/home/ngovin5/Documents/soccer-twos-starter/ray_results_reward_sweep_full_20260424_011300/PPO_reward_weight_sweep/037_grid_0037/progress.csv,,,/home/ngovin5/Documents/soccer-twos-starter/ray_results_reward_sweep_full_20260424_011300/PPO_reward_weight_sweep/037_grid_0037/error.txt,,,,,,,,20.0,False,0.005,True,16.0,0.0,10.0,0.1,True,16.0,0.0,8.0,0.01,32.0,True,16.0,0.0,0.01,True,5.0,0.5,True,16.0,0.0,10.0,0.01,1.75,True,0.02,0.01,True,6.0,4.0,0.01
038_grid_0038,grid_0038,ERROR,,,,,,,,,,,51671,53655,/home/ngovin5/Documents/soccer-twos-starter/ray_results_reward_sweep_full_20260424_011300/PPO_reward_weight_sweep/038_grid_0038,/home/ngovin5/Documents/soccer-twos-starter/ray_results_reward_sweep_full_20260424_011300/PPO_reward_weight_sweep/038_grid_0038/progress.csv,,,/home/ngovin5/Documents/soccer-twos-starter/ray_results_reward_sweep_full_20260424_011300/PPO_reward_weight_sweep/038_grid_0038/error.txt,,,,,,,,20.0,False,0.005,True,16.0,0.0,10.0,0.1,True,16.0,0.0,8.0,0.05,32.0,True,16.0,0.0,0.01,True,5.0,0.5,True,16.0,0.0,10.0,0.01,1.75,True,0.02,0.01,True,6.0,4.0,0.01
039_grid_0039,grid_0039,ERROR,,,,,,,,,,,51703,53719,/home/ngovin5/Documents/soccer-twos-starter/ray_results_reward_sweep_full_20260424_011300/PPO_reward_weight_sweep/039_grid_0039,/home/ngovin5/Documents/soccer-twos-starter/ray_results_reward_sweep_full_20260424_011300/PPO_reward_weight_sweep/039_grid_0039/progress.csv,,,/home/ngovin5/Documents/soccer-twos-starter/ray_results_reward_sweep_full_20260424_011300/PPO_reward_weight_sweep/039_grid_0039/error.txt,,,,,,,,20.0,False,0.005,True,16.0,0.0,10.0,1,True,16.0,0.0,8.0,0.0,32.0,True,16.0,0.0,0.01,True,5.0,0.5,True,16.0,0.0,10.0,0.01,1.75,True,0.02,0.01,True,6.0,4.0,0.01
040_grid_0040,grid_0040,ERROR,,,,,,,,,,,51735,53751,/home/ngovin5/Documents/soccer-twos-starter/ray_results_reward_sweep_full_20260424_011300/PPO_reward_weight_sweep/040_grid_0040,/home/ngovin5/Documents/soccer-twos-starter/ray_results_reward_sweep_full_20260424_011300/PPO_reward_weight_sweep/040_grid_0040/progress.csv,,,/home/ngovin5/Documents/soccer-twos-starter/ray_results_reward_sweep_full_20260424_011300/PPO_reward_weight_sweep/040_grid_0040/error.txt,,,,,,,,20.0,False,0.005,True,16.0,0.0,10.0,1,True,16.0,0.0,8.0,0.01,32.0,True,16.0,0.0,0.01,True,5.0,0.5,True,16.0,0.0,10.0,0.01,1.75,True,0.02,0.01,True,6.0,4.0,0.01
041_grid_0041,grid_0041,ERROR,,,,,,,,,,,51767,53783,/home/ngovin5/Documents/soccer-twos-starter/ray_results_reward_sweep_full_20260424_011300/PPO_reward_weight_sweep/041_grid_0041,/home/ngovin5/Documents/soccer-twos-starter/ray_results_reward_sweep_full_20260424_011300/PPO_reward_weight_sweep/041_grid_0041/progress.csv,,,/home/ngovin5/Documents/soccer-twos-starter/ray_results_reward_sweep_full_20260424_011300/PPO_reward_weight_sweep/041_grid_0041/error.txt,,,,,,,,20.0,False,0.005,True,16.0,0.0,10.0,1,True,16.0,0.0,8.0,0.05,32.0,True,16.0,0.0,0.01,True,5.0,0.5,True,16.0,0.0,10.0,0.01,1.75,True,0.02,0.01,True,6.0,4.0,0.01
042_grid_0042,grid_0042,ERROR,,,,,,,,,,,51799,53815,/home/ngovin5/Documents/soccer-twos-starter/ray_results_reward_sweep_full_20260424_011300/PPO_reward_weight_sweep/042_grid_0042,/home/ngovin5/Documents/soccer-twos-starter/ray_results_reward_sweep_full_20260424_011300/PPO_reward_weight_sweep/042_grid_0042/progress.csv,,,/home/ngovin5/Documents/soccer-twos-starter/ray_results_reward_sweep_full_20260424_011300/PPO_reward_weight_sweep/042_grid_0042/error.txt,,,,,,,,20.0,False,0.005,True,16.0,0.0,10.0,5,True,16.0,0.0,8.0,0.0,32.0,True,16.0,0.0,0.01,True,5.0,0.5,True,16.0,0.0,10.0,0.01,1.75,True,0.02,0.01,True,6.0,4.0,0.01
043_grid_0043,grid_0043,ERROR,,,,,,,,,,,51831,53847,/home/ngovin5/Documents/soccer-twos-starter/ray_results_reward_sweep_full_20260424_011300/PPO_reward_weight_sweep/043_grid_0043,/home/ngovin5/Documents/soccer-twos-starter/ray_results_reward_sweep_full_20260424_011300/PPO_reward_weight_sweep/043_grid_0043/progress.csv,,,/home/ngovin5/Documents/soccer-twos-starter/ray_results_reward_sweep_full_20260424_011300/PPO_reward_weight_sweep/043_grid_0043/error.txt,,,,,,,,20.0,False,0.005,True,16.0,0.0,10.0,5,True,16.0,0.0,8.0,0.01,32.0,True,16.0,0.0,0.01,True,5.0,0.5,True,16.0,0.0,10.0,0.01,1.75,True,0.02,0.01,True,6.0,4.0,0.01
044_grid_0044,grid_0044,ERROR,,,,,,,,,,,51863,53879,/home/ngovin5/Documents/soccer-twos-starter/ray_results_reward_sweep_full_20260424_011300/PPO_reward_weight_sweep/044_grid_0044,/home/ngovin5/Documents/soccer-twos-starter/ray_results_reward_sweep_full_20260424_011300/PPO_reward_weight_sweep/044_grid_0044/progress.csv,,,/home/ngovin5/Documents/soccer-twos-starter/ray_results_reward_sweep_full_20260424_011300/PPO_reward_weight_sweep/044_grid_0044/error.txt,,,,,,,,20.0,False,0.005,True,16.0,0.0,10.0,5,True,16.0,0.0,8.0,0.05,32.0,True,16.0,0.0,0.01,True,5.0,0.5,True,16.0,0.0,10.0,0.01,1.75,True,0.02,0.01,True,6.0,4.0,0.01
045_grid_0045,grid_0045,ERROR,,,,,,,,,,,51895,53911,/home/ngovin5/Documents/soccer-twos-starter/ray_results_reward_sweep_full_20260424_011300/PPO_reward_weight_sweep/045_grid_0045,/home/ngovin5/Documents/soccer-twos-starter/ray_results_reward_sweep_full_20260424_011300/PPO_reward_weight_sweep/045_grid_0045/progress.csv,,,/home/ngovin5/Documents/soccer-twos-starter/ray_results_reward_sweep_full_20260424_011300/PPO_reward_weight_sweep/045_grid_0045/error.txt,,,,,,,,20.0,False,0.005,True,16.0,0.0,10.0,0.0,True,16.0,0.0,8.0,0.0,32.0,True,16.0,0.0,0.01,True,10.0,0.5,True,16.0,0.0,10.0,0.01,1.75,True,0.02,0.01,True,6.0,4.0,0.01
046_grid_0046,grid_0046,ERROR,,,,,,,,,,,51927,53943,/home/ngovin5/Documents/soccer-twos-starter/ray_results_reward_sweep_full_20260424_011300/PPO_reward_weight_sweep/046_grid_0046,/home/ngovin5/Documents/soccer-twos-starter/ray_results_reward_sweep_full_20260424_011300/PPO_reward_weight_sweep/046_grid_0046/progress.csv,,,/home/ngovin5/Documents/soccer-twos-starter/ray_results_reward_sweep_full_20260424_011300/PPO_reward_weight_sweep/046_grid_0046/error.txt,,,,,,,,20.0,False,0.005,True,16.0,0.0,10.0,0.0,True,16.0,0.0,8.0,0.01,32.0,True,16.0,0.0,0.01,True,10.0,0.5,True,16.0,0.0,10.0,0.01,1.75,True,0.02,0.01,True,6.0,4.0,0.01
047_grid_0047,grid_0047,ERROR,,,,,,,,,,,51959,53975,/home/ngovin5/Documents/soccer-twos-starter/ray_results_reward_sweep_full_20260424_011300/PPO_reward_weight_sweep/047_grid_0047,/home/ngovin5/Documents/soccer-twos-starter/ray_results_reward_sweep_full_20260424_011300/PPO_reward_weight_sweep/047_grid_0047/progress.csv,,,/home/ngovin5/Documents/soccer-twos-starter/ray_results_reward_sweep_full_20260424_011300/PPO_reward_weight_sweep/047_grid_0047/error.txt,,,,,,,,20.0,False,0.005,True,16.0,0.0,10.0,0.0,True,16.0,0.0,8.0,0.05,32.0,True,16.0,0.0,0.01,True,10.0,0.5,True,16.0,0.0,10.0,0.01,1.75,True,0.02,0.01,True,6.0,4.0,0.01
048_grid_0048,grid_0048,ERROR,,,,,,,,,,,51991,54007,/home/ngovin5/Documents/soccer-twos-starter/ray_results_reward_sweep_full_20260424_011300/PPO_reward_weight_sweep/048_grid_0048,/home/ngovin5/Documents/soccer-twos-starter/ray_results_reward_sweep_full_20260424_011300/PPO_reward_weight_sweep/048_grid_0048/progress.csv,,,/home/ngovin5/Documents/soccer-twos-starter/ray_results_reward_sweep_full_20260424_011300/PPO_reward_weight_sweep/048_grid_0048/error.txt,,,,,,,,20.0,False,0.005,True,16.0,0.0,10.0,0.01,True,16.0,0.0,8.0,0.0,32.0,True,16.0,0.0,0.01,True,10.0,0.5,True,16.0,0.0,10.0,0.01,1.75,True,0.02,0.01,True,6.0,4.0,0.01
049_grid_0049,grid_0049,ERROR,,,,,,,,,,,52023,54039,/home/ngovin5/Documents/soccer-twos-starter/ray_results_reward_sweep_full_20260424_011300/PPO_reward_weight_sweep/049_grid_0049,/home/ngovin5/Documents/soccer-twos-starter/ray_results_reward_sweep_full_20260424_011300/PPO_reward_weight_sweep/049_grid_0049/progress.csv,,,/home/ngovin5/Documents/soccer-twos-starter/ray_results_reward_sweep_full_20260424_011300/PPO_reward_weight_sweep/049_grid_0049/error.txt,,,,,,,,20.0,False,0.005,True,16.0,0.0,10.0,0.01,True,16.0,0.0,8.0,0.01,32.0,True,16.0,0.0,0.01,True,10.0,0.5,True,16.0,0.0,10.0,0.01,1.75,True,0.02,0.01,True,6.0,4.0,0.01
050_grid_0050,grid_0050,ERROR,,,,,,,,,,,52055,54071,/home/ngovin5/Documents/soccer-twos-starter/ray_results_reward_sweep_full_20260424_011300/PPO_reward_weight_sweep/050_grid_0050,/home/ngovin5/Documents/soccer-twos-starter/ray_results_reward_sweep_full_20260424_011300/PPO_reward_weight_sweep/050_grid_0050/progress.csv,,,/home/ngovin5/Documents/soccer-twos-starter/ray_results_reward_sweep_full_20260424_011300/PPO_reward_weight_sweep/050_grid_0050/error.txt,,,,,,,,20.0,False,0.005,True,16.0,0.0,10.0,0.01,True,16.0,0.0,8.0,0.05,32.0,True,16.0,0.0,0.01,True,10.0,0.5,True,16.0,0.0,10.0,0.01,1.75,True,0.02,0.01,True,6.0,4.0,0.01
051_grid_0051,grid_0051,ERROR,,,,,,,,,,,52087,54103,/home/ngovin5/Documents/soccer-twos-starter/ray_results_reward_sweep_full_20260424_011300/PPO_reward_weight_sweep/051_grid_0051,/home/ngovin5/Documents/soccer-twos-starter/ray_results_reward_sweep_full_20260424_011300/PPO_reward_weight_sweep/051_grid_0051/progress.csv,,,/home/ngovin5/Documents/soccer-twos-starter/ray_results_reward_sweep_full_20260424_011300/PPO_reward_weight_sweep/051_grid_0051/error.txt,,,,,,,,20.0,False,0.005,True,16.0,0.0,10.0,0.1,True,16.0,0.0,8.0,0.0,32.0,True,16.0,0.0,0.01,True,10.0,0.5,True,16.0,0.0,10.0,0.01,1.75,True,0.02,0.01,True,6.0,4.0,0.01
052_grid_0052,grid_0052,ERROR,,,,,,,,,,,52119,54135,/home/ngovin5/Documents/soccer-twos-starter/ray_results_reward_sweep_full_20260424_011300/PPO_reward_weight_sweep/052_grid_0052,/home/ngovin5/Documents/soccer-twos-starter/ray_results_reward_sweep_full_20260424_011300/PPO_reward_weight_sweep/052_grid_0052/progress.csv,,,/home/ngovin5/Documents/soccer-twos-starter/ray_results_reward_sweep_full_20260424_011300/PPO_reward_weight_sweep/052_grid_0052/error.txt,,,,,,,,20.0,False,0.005,True,16.0,0.0,10.0,0.1,True,16.0,0.0,8.0,0.01,32.0,True,16.0,0.0,0.01,True,10.0,0.5,True,16.0,0.0,10.0,0.01,1.75,True,0.02,0.01,True,6.0,4.0,0.01
053_grid_0053,grid_0053,ERROR,,,,,,,,,,,52151,54167,/home/ngovin5/Documents/soccer-twos-starter/ray_results_reward_sweep_full_20260424_011300/PPO_reward_weight_sweep/053_grid_0053,/home/ngovin5/Documents/soccer-twos-starter/ray_results_reward_sweep_full_20260424_011300/PPO_reward_weight_sweep/053_grid_0053/progress.csv,,,/home/ngovin5/Documents/soccer-twos-starter/ray_results_reward_sweep_full_20260424_011300/PPO_reward_weight_sweep/053_grid_0053/error.txt,,,,,,,,20.0,False,0.005,True,16.0,0.0,10.0,0.1,True,16.0,0.0,8.0,0.05,32.0,True,16.0,0.0,0.01,True,10.0,0.5,True,16.0,0.0,10.0,0.01,1.75,True,0.02,0.01,True,6.0,4.0,0.01
054_grid_0054,grid_0054,ERROR,,,,,,,,,,,52183,54199,/home/ngovin5/Documents/soccer-twos-starter/ray_results_reward_sweep_full_20260424_011300/PPO_reward_weight_sweep/054_grid_0054,/home/ngovin5/Documents/soccer-twos-starter/ray_results_reward_sweep_full_20260424_011300/PPO_reward_weight_sweep/054_grid_0054/progress.csv,,,/home/ngovin5/Documents/soccer-twos-starter/ray_results_reward_sweep_full_20260424_011300/PPO_reward_weight_sweep/054_grid_0054/error.txt,,,,,,,,20.0,False,0.005,True,16.0,0.0,10.0,1,True,16.0,0.0,8.0,0.0,32.0,True,16.0,0.0,0.01,True,10.0,0.5,True,16.0,0.0,10.0,0.01,1.75,True,0.02,0.01,True,6.0,4.0,0.01
055_grid_0055,grid_0055,ERROR,,,,,,,,,,,52215,54231,/home/ngovin5/Documents/soccer-twos-starter/ray_results_reward_sweep_full_20260424_011300/PPO_reward_weight_sweep/055_grid_0055,/home/ngovin5/Documents/soccer-twos-starter/ray_results_reward_sweep_full_20260424_011300/PPO_reward_weight_sweep/055_grid_0055/progress.csv,,,/home/ngovin5/Documents/soccer-twos-starter/ray_results_reward_sweep_full_20260424_011300/PPO_reward_weight_sweep/055_grid_0055/error.txt,,,,,,,,20.0,False,0.005,True,16.0,0.0,10.0,1,True,16.0,0.0,8.0,0.01,32.0,True,16.0,0.0,0.01,True,10.0,0.5,True,16.0,0.0,10.0,0.01,1.75,True,0.02,0.01,True,6.0,4.0,0.01
056_grid_0056,grid_0056,ERROR,,,,,,,,,,,52247,54263,/home/ngovin5/Documents/soccer-twos-starter/ray_results_reward_sweep_full_20260424_011300/PPO_reward_weight_sweep/056_grid_0056,/home/ngovin5/Documents/soccer-twos-starter/ray_results_reward_sweep_full_20260424_011300/PPO_reward_weight_sweep/056_grid_0056/progress.csv,,,/home/ngovin5/Documents/soccer-twos-starter/ray_results_reward_sweep_full_20260424_011300/PPO_reward_weight_sweep/056_grid_0056/error.txt,,,,,,,,20.0,False,0.005,True,16.0,0.0,10.0,1,True,16.0,0.0,8.0,0.05,32.0,True,16.0,0.0,0.01,True,10.0,0.5,True,16.0,0.0,10.0,0.01,1.75,True,0.02,0.01,True,6.0,4.0,0.01
057_grid_0057,grid_0057,ERROR,,,,,,,,,,,52279,54295,/home/ngovin5/Documents/soccer-twos-starter/ray_results_reward_sweep_full_20260424_011300/PPO_reward_weight_sweep/057_grid_0057,/home/ngovin5/Documents/soccer-twos-starter/ray_results_reward_sweep_full_20260424_011300/PPO_reward_weight_sweep/057_grid_0057/progress.csv,,,/home/ngovin5/Documents/soccer-twos-starter/ray_results_reward_sweep_full_20260424_011300/PPO_reward_weight_sweep/057_grid_0057/error.txt,,,,,,,,20.0,False,0.005,True,16.0,0.0,10.0,5,True,16.0,0.0,8.0,0.0,32.0,True,16.0,0.0,0.01,True,10.0,0.5,True,16.0,0.0,10.0,0.01,1.75,True,0.02,0.01,True,6.0,4.0,0.01
058_grid_0058,grid_0058,ERROR,,,,,,,,,,,52311,54327,/home/ngovin5/Documents/soccer-twos-starter/ray_results_reward_sweep_full_20260424_011300/PPO_reward_weight_sweep/058_grid_0058,/home/ngovin5/Documents/soccer-twos-starter/ray_results_reward_sweep_full_20260424_011300/PPO_reward_weight_sweep/058_grid_0058/progress.csv,,,/home/ngovin5/Documents/soccer-twos-starter/ray_results_reward_sweep_full_20260424_011300/PPO_reward_weight_sweep/058_grid_0058/error.txt,,,,,,,,20.0,False,0.005,True,16.0,0.0,10.0,5,True,16.0,0.0,8.0,0.01,32.0,True,16.0,0.0,0.01,True,10.0,0.5,True,16.0,0.0,10.0,0.01,1.75,True,0.02,0.01,True,6.0,4.0,0.01
059_grid_0059,grid_0059,ERROR,,,,,,,,,,,52343,54391,/home/ngovin5/Documents/soccer-twos-starter/ray_results_reward_sweep_full_20260424_011300/PPO_reward_weight_sweep/059_grid_0059,/home/ngovin5/Documents/soccer-twos-starter/ray_results_reward_sweep_full_20260424_011300/PPO_reward_weight_sweep/059_grid_0059/progress.csv,,,/home/ngovin5/Documents/soccer-twos-starter/ray_results_reward_sweep_full_20260424_011300/PPO_reward_weight_sweep/059_grid_0059/error.txt,,,,,,,,20.0,False,0.005,True,16.0,0.0,10.0,5,True,16.0,0.0,8.0,0.05,32.0,True,16.0,0.0,0.01,True,10.0,0.5,True,16.0,0.0,10.0,0.01,1.75,True,0.02,0.01,True,6.0,4.0,0.01
